ABE,ATL
ABE,DTW
ABE,ORD
ABI,DFW
ABQ,ATL
ABQ,BWI
ABQ,CLT
ABQ,DAL
ABQ,DEN
ABQ,DFW
ABQ,HOU
ABQ,IAH
ABQ,JFK
ABQ,LAS
ABQ,LAX
ABQ,MCI
ABQ,MCO
ABQ,MDW
ABQ,MSP
ABQ,OAK
ABQ,ORD
ABQ,PDX
ABQ,PHX
ABQ,SAN
ABQ,SEA
ABQ,SFO
ABQ,SLC
ABR,MSP
ABY,ATL
ACK,BOS
ACK,DCA
ACK,JFK
ACT,DFW
ACV,SFO
ACY,ATL
ACY,BOS
ACY,DTW
ACY,FLL
ACY,MCO
ACY,MYR
ACY,ORD
ACY,PBI
ACY,RSW
ACY,TPA
ADK,ANC
ADQ,ANC
AEX,ATL
AEX,DFW
AEX,IAH
AGS,ATL
AGS,LGA
AKN,ANC
ALB,ATL
ALB,BWI
ALB,CLT
ALB,DEN
ALB,DTW
ALB,EWR
ALB,FLL
ALB,IAD
ALB,LAS
ALB,MCO
ALB,MDW
ALB,MSP
ALB,ORD
ALB,RSW
ALB,TPA
ALO,ORD
AMA,DAL
AMA,DEN
AMA,DFW
AMA,IAH
AMA,LAS
ANC,ADK
ANC,ADQ
ANC,AKN
ANC,ATL
ANC,BET
ANC,BRW
ANC,CDV
ANC,DEN
ANC,DFW
ANC,DLG
ANC,EWR
ANC,FAI
ANC,HNL
ANC,IAH
ANC,JNU
ANC,KOA
ANC,LAS
ANC,LAX
ANC,LGB
ANC,MSP
ANC,OGG
ANC,OME
ANC,ORD
ANC,OTZ
ANC,PDX
ANC,PHX
ANC,SCC
ANC,SEA
ANC,SFO
ANC,SLC
APN,DTW
ASE,ATL
ASE,DEN
ASE,DFW
ASE,IAH
ASE,LAX
ASE,MSP
ASE,ORD
ASE,SFO
ATL,ABE
ATL,ABQ
ATL,ABY
ATL,ACY
ATL,AEX
ATL,AGS
ATL,ALB
ATL,ANC
ATL,ASE
ATL,ATW
ATL,AUS
ATL,AVL
ATL,AVP
ATL,AZO
ATL,BDL
ATL,BHM
ATL,BMI
ATL,BNA
ATL,BOS
ATL,BQK
ATL,BTR
ATL,BTV
ATL,BUF
ATL,BWI
ATL,BZN
ATL,CAE
ATL,CAK
ATL,CHA
ATL,CHO
ATL,CHS
ATL,CID
ATL,CLE
ATL,CLT
ATL,CMH
ATL,COS
ATL,CRW
ATL,CSG
ATL,CVG
ATL,DAB
ATL,DAL
ATL,DAY
ATL,DCA
ATL,DEN
ATL,DFW
ATL,DHN
ATL,DSM
ATL,DTW
ATL,ECP
ATL,EGE
ATL,ELM
ATL,ELP
ATL,EVV
ATL,EWN
ATL,EWR
ATL,EYW
ATL,FAR
ATL,FAY
ATL,FCA
ATL,FLL
ATL,FNT
ATL,FSD
ATL,FSM
ATL,FWA
ATL,GJT
ATL,GNV
ATL,GPT
ATL,GRB
ATL,GRK
ATL,GRR
ATL,GSO
ATL,GSP
ATL,GTR
ATL,HDN
ATL,HNL
ATL,HOU
ATL,HPN
ATL,HSV
ATL,IAD
ATL,IAH
ATL,ICT
ATL,ILM
ATL,IND
ATL,JAC
ATL,JAN
ATL,JAX
ATL,JFK
ATL,LAN
ATL,LAS
ATL,LAX
ATL,LEX
ATL,LFT
ATL,LGA
ATL,LIT
ATL,LNK
ATL,MBS
ATL,MCI
ATL,MCO
ATL,MDT
ATL,MDW
ATL,MEM
ATL,MGM
ATL,MHT
ATL,MIA
ATL,MKE
ATL,MLB
ATL,MLI
ATL,MLU
ATL,MOB
ATL,MSN
ATL,MSO
ATL,MSP
ATL,MSY
ATL,MTJ
ATL,MYR
ATL,OAJ
ATL,OAK
ATL,OKC
ATL,OMA
ATL,ONT
ATL,ORD
ATL,ORF
ATL,PBI
ATL,PDX
ATL,PHF
ATL,PHL
ATL,PHX
ATL,PIA
ATL,PIT
ATL,PNS
ATL,PVD
ATL,PWM
ATL,RAP
ATL,RDU
ATL,RIC
ATL,ROA
ATL,ROC
ATL,RST
ATL,RSW
ATL,SAN
ATL,SAT
ATL,SAV
ATL,SBN
ATL,SCE
ATL,SDF
ATL,SEA
ATL,SFO
ATL,SGF
ATL,SHV
ATL,SJC
ATL,SJU
ATL,SLC
ATL,SMF
ATL,SNA
ATL,SRQ
ATL,STL
ATL,STT
ATL,STX
ATL,SYR
ATL,TLH
ATL,TPA
ATL,TRI
ATL,TTN
ATL,TUL
ATL,TUS
ATL,TVC
ATL,TYS
ATL,VLD
ATL,VPS
ATL,XNA
ATW,ATL
ATW,DTW
ATW,MSP
ATW,ORD
AUS,ATL
AUS,BNA
AUS,BOS
AUS,BWI
AUS,CLT
AUS,DAL
AUS,DCA
AUS,DEN
AUS,DFW
AUS,DTW
AUS,ELP
AUS,EWR
AUS,FLL
AUS,HOU
AUS,HRL
AUS,IAD
AUS,IAH
AUS,JFK
AUS,LAS
AUS,LAX
AUS,LBB
AUS,LGB
AUS,MCO
AUS,MDW
AUS,MEM
AUS,MIA
AUS,MSP
AUS,MSY
AUS,OAK
AUS,ORD
AUS,PDX
AUS,PHL
AUS,PHX
AUS,SAN
AUS,SEA
AUS,SFO
AUS,SJC
AUS,SLC
AUS,SNA
AUS,STL
AUS,TPA
AVL,ATL
AVL,EWR
AVL,ORD
AVP,ATL
AVP,DTW
AVP,EWR
AVP,ORD
AZO,ATL
AZO,DTW
AZO,MSP
AZO,ORD
BDL,ATL
BDL,BWI
BDL,CLE
BDL,CLT
BDL,CVG
BDL,DCA
BDL,DEN
BDL,DFW
BDL,DTW
BDL,EWR
BDL,FLL
BDL,IAD
BDL,IAH
BDL,LAS
BDL,MCO
BDL,MDW
BDL,MIA
BDL,MSP
BDL,ORD
BDL,PBI
BDL,PHL
BDL,RDU
BDL,RSW
BDL,SJU
BDL,TPA
BET,ANC
BFL,DEN
BFL,IAH
BFL,PHX
BFL,SFO
BGM,DTW
BGR,DTW
BGR,LGA
BHM,ATL
BHM,BWI
BHM,DAL
BHM,DEN
BHM,DFW
BHM,DTW
BHM,HOU
BHM,IAH
BHM,LAS
BHM,LGA
BHM,MCO
BHM,MDW
BHM,MIA
BHM,ORD
BHM,TPA
BIL,COD
BIL,DEN
BIL,MSP
BIL,ORD
BIL,SEA
BIL,SLC
BIS,DEN
BIS,DFW
BIS,MSP
BIS,ORD
BJI,MSP
BLI,HNL
BLI,LAS
BLI,OGG
BLI,SEA
BMI,ATL
BMI,DEN
BMI,DFW
BMI,DTW
BMI,MCO
BMI,MSP
BMI,ORD
BNA,ATL
BNA,AUS
BNA,BOS
BNA,BWI
BNA,CHS
BNA,CLE
BNA,CLT
BNA,CMH
BNA,CVG
BNA,DAL
BNA,DCA
BNA,DEN
BNA,DFW
BNA,DTW
BNA,ECP
BNA,EWR
BNA,FLL
BNA,HOU
BNA,IAD
BNA,IAH
BNA,JAX
BNA,JFK
BNA,LAS
BNA,LAX
BNA,LGA
BNA,MCI
BNA,MCO
BNA,MDW
BNA,MIA
BNA,MOB
BNA,MSP
BNA,MSY
BNA,OAK
BNA,ORD
BNA,PHL
BNA,PHX
BNA,PIT
BNA,PNS
BNA,RDU
BNA,RSW
BNA,SAN
BNA,SAT
BNA,SEA
BNA,SLC
BNA,STL
BNA,TPA
BNA,TTN
BOI,DEN
BOI,EUG
BOI,GEG
BOI,IAH
BOI,LAS
BOI,LAX
BOI,MDW
BOI,MSP
BOI,OAK
BOI,ORD
BOI,PDX
BOI,PHX
BOI,SAN
BOI,SEA
BOI,SFO
BOI,SLC
BOS,ACK
BOS,ACY
BOS,ATL
BOS,AUS
BOS,BNA
BOS,BUF
BOS,BWI
BOS,CAK
BOS,CHS
BOS,CLE
BOS,CLT
BOS,CMH
BOS,CVG
BOS,DAL
BOS,DCA
BOS,DEN
BOS,DFW
BOS,DTW
BOS,EWR
BOS,FLL
BOS,HOU
BOS,IAD
BOS,IAH
BOS,IND
BOS,JAX
BOS,JFK
BOS,LAS
BOS,LAX
BOS,LGA
BOS,LGB
BOS,MCI
BOS,MCO
BOS,MDW
BOS,MIA
BOS,MKE
BOS,MSN
BOS,MSP
BOS,MSY
BOS,MVY
BOS,MYR
BOS,OAK
BOS,ORD
BOS,PBI
BOS,PDX
BOS,PHL
BOS,PHX
BOS,PIT
BOS,RDU
BOS,RIC
BOS,RSW
BOS,SAN
BOS,SAV
BOS,SEA
BOS,SFO
BOS,SJC
BOS,SJU
BOS,SLC
BOS,SMF
BOS,SRQ
BOS,STL
BOS,STT
BOS,TPA
BPT,DFW
BQK,ATL
BQN,EWR
BQN,FLL
BQN,JFK
BQN,MCO
BRD,INL
BRD,MSP
BRO,DFW
BRO,IAH
BRW,ANC
BRW,FAI
BRW,SCC
BTM,SLC
BTR,ATL
BTR,DCA
BTR,DFW
BTR,IAH
BTV,ATL
BTV,DTW
BTV,EWR
BTV,IAD
BTV,JFK
BTV,LGA
BTV,ORD
BUF,ATL
BUF,BOS
BUF,BWI
BUF,CLT
BUF,DTW
BUF,EWR
BUF,FLL
BUF,IAD
BUF,JFK
BUF,LAS
BUF,LGA
BUF,MCO
BUF,MDW
BUF,MSP
BUF,ORD
BUF,PHX
BUF,RSW
BUF,TPA
BUR,DEN
BUR,JFK
BUR,LAS
BUR,OAK
BUR,PDX
BUR,PHX
BUR,SEA
BUR,SFO
BUR,SJC
BUR,SLC
BUR,SMF
BWI,ABQ
BWI,ALB
BWI,ATL
BWI,AUS
BWI,BDL
BWI,BHM
BWI,BNA
BWI,BOS
BWI,BUF
BWI,CHS
BWI,CLE
BWI,CLT
BWI,CMH
BWI,CVG
BWI,DAL
BWI,DAY
BWI,DEN
BWI,DFW
BWI,DTW
BWI,ECP
BWI,EWR
BWI,FLL
BWI,FNT
BWI,GRR
BWI,GSP
BWI,HOU
BWI,IAH
BWI,IND
BWI,ISP
BWI,JAX
BWI,JFK
BWI,LAS
BWI,LAX
BWI,LIT
BWI,MCI
BWI,MCO
BWI,MDW
BWI,MEM
BWI,MHT
BWI,MIA
BWI,MKE
BWI,MSP
BWI,MSY
BWI,MYR
BWI,OAK
BWI,OKC
BWI,ORD
BWI,ORF
BWI,PBI
BWI,PDX
BWI,PHL
BWI,PHX
BWI,PIT
BWI,PVD
BWI,PWM
BWI,RDU
BWI,ROC
BWI,RSW
BWI,SAN
BWI,SAT
BWI,SDF
BWI,SEA
BWI,SFO
BWI,SJU
BWI,SLC
BWI,STL
BWI,TPA
BZN,ATL
BZN,DEN
BZN,EWR
BZN,IAH
BZN,LAX
BZN,LGA
BZN,MSP
BZN,ORD
BZN,PDX
BZN,SEA
BZN,SFO
BZN,SLC
CAE,ATL
CAE,DFW
CAE,IAD
CAE,IAH
CAE,LGA
CAE,ORD
CAK,ATL
CAK,BOS
CAK,DCA
CAK,DEN
CAK,DTW
CAK,EWR
CAK,LAS
CAK,LGA
CAK,MCO
CAK,ORD
CAK,RSW
CAK,TPA
CDC,SLC
CDV,ANC
CDV,YAK
CEC,SFO
CHA,ATL
CHA,DFW
CHA,DTW
CHA,ORD
CHO,ATL
CHO,LGA
CHO,ORD
CHS,ABE
CHS,ATL
CHS,BNA
CHS,BOS
CHS,BWI
CHS,CLE
CHS,CLT
CHS,DAL
CHS,DCA
CHS,DFW
CHS,DTW
CHS,EWR
CHS,FLL
CHS,HOU
CHS,IAD
CHS,IAH
CHS,JFK
CHS,LGA
CHS,MDW
CHS,MIA
CHS,OKC
CHS,ORD
CHS,PHL
CHS,SEA
CID,ATL
CID,DEN
CID,DFW
CID,DTW
CID,LAX
CID,MSP
CID,ORD
CIU,DTW
CLD,LAX
CLE,ATL
CLE,BDL
CLE,BNA
CLE,BOS
CLE,BWI
CLE,CHS
CLE,CLT
CLE,DCA
CLE,DEN
CLE,DFW
CLE,DTW
CLE,EWR
CLE,FLL
CLE,IAD
CLE,IAH
CLE,JFK
CLE,LAS
CLE,LAX
CLE,LGA
CLE,MCO
CLE,MDW
CLE,MIA
CLE,MKE
CLE,MSP
CLE,MYR
CLE,ORD
CLE,PHL
CLE,PHX
CLE,RDU
CLE,RSW
CLE,SCE
CLE,SEA
CLE,SFO
CLE,SJU
CLE,STL
CLE,TPA
CLL,DFW
CLL,IAH
CLT,ABQ
CLT,ALB
CLT,ATL
CLT,AUS
CLT,BDL
CLT,BNA
CLT,BOS
CLT,BUF
CLT,BWI
CLT,CHS
CLT,CLE
CLT,CMH
CLT,CVG
CLT,DAB
CLT,DAL
CLT,DCA
CLT,DEN
CLT,DFW
CLT,DTW
CLT,EWR
CLT,FLL
CLT,GSO
CLT,HOU
CLT,IAD
CLT,IAH
CLT,ILM
CLT,IND
CLT,JAX
CLT,JFK
CLT,LAS
CLT,LAX
CLT,LGA
CLT,MCI
CLT,MCO
CLT,MDT
CLT,MDW
CLT,MEM
CLT,MIA
CLT,MSP
CLT,MSY
CLT,MYR
CLT,ORD
CLT,ORF
CLT,PBI
CLT,PDX
CLT,PHL
CLT,PHX
CLT,PIT
CLT,PVD
CLT,PWM
CLT,RDU
CLT,RIC
CLT,ROC
CLT,RSW
CLT,SAN
CLT,SAT
CLT,SDF
CLT,SEA
CLT,SFO
CLT,SGF
CLT,SJU
CLT,SLC
CLT,SMF
CLT,STL
CLT,STT
CLT,STX
CLT,SYR
CLT,TPA
CLT,TTN
CMH,ATL
CMH,BNA
CMH,BOS
CMH,BWI
CMH,CLT
CMH,DAL
CMH,DCA
CMH,DEN
CMH,DFW
CMH,DTW
CMH,EWR
CMH,FLL
CMH,IAD
CMH,IAH
CMH,JFK
CMH,LAS
CMH,LAX
CMH,LGA
CMH,MCO
CMH,MDW
CMH,MIA
CMH,MSP
CMH,OAK
CMH,ORD
CMH,PHX
CMH,RSW
CMH,STL
CMH,TPA
CMI,DFW
CMI,ORD
CMX,ORD
CNY,SLC
COD,DEN
COD,ORD
COD,SLC
COS,ATL
COS,DEN
COS,DFW
COS,IAH
COS,LAX
COS,ORD
COS,SEA
COS,SFO
COS,SLC
COU,DFW
COU,ORD
CPR,DEN
CPR,SLC
CRP,ATL
CRP,DFW
CRP,HOU
CRP,HRL
CRP,IAH
CRW,ATL
CRW,DFW
CRW,DTW
CRW,IAH
CRW,MYR
CRW,ORD
CSG,ATL
CVG,ATL
CVG,BDL
CVG,BNA
CVG,BOS
CVG,BWI
CVG,CLT
CVG,DCA
CVG,DEN
CVG,DFW
CVG,DTW
CVG,EWR
CVG,FLL
CVG,GRR
CVG,IAD
CVG,IAH
CVG,JFK
CVG,LAS
CVG,LAX
CVG,LGA
CVG,MCI
CVG,MCO
CVG,MEM
CVG,MIA
CVG,MKE
CVG,MSN
CVG,MSP
CVG,ORD
CVG,PHX
CVG,PIT
CVG,RDU
CVG,RIC
CVG,RSW
CVG,SAN
CVG,SEA
CVG,SFO
CVG,SLC
CVG,STL
CVG,TPA
CVG,TTN
CVG,XNA
CWA,ATW
CWA,MSP
CWA,ORD
DAB,ATL
DAB,CLT
DAL,ABQ
DAL,AMA
DAL,ATL
DAL,AUS
DAL,BHM
DAL,BNA
DAL,BOS
DAL,BWI
DAL,CHS
DAL,CLT
DAL,CMH
DAL,DCA
DAL,DEN
DAL,DTW
DAL,ECP
DAL,ELP
DAL,FLL
DAL,HOU
DAL,IAH
DAL,ICT
DAL,IND
DAL,LAS
DAL,LAX
DAL,LBB
DAL,LGA
DAL,LIT
DAL,MAF
DAL,MCI
DAL,MCO
DAL,MDW
DAL,MEM
DAL,MKE
DAL,MSY
DAL,OAK
DAL,OKC
DAL,OMA
DAL,PDX
DAL,PHL
DAL,PHX
DAL,PIT
DAL,RDU
DAL,SAN
DAL,SAT
DAL,SEA
DAL,SFO
DAL,SJC
DAL,SLC
DAL,SMF
DAL,SNA
DAL,STL
DAL,TPA
DAL,TUL
DAY,ATL
DAY,BWI
DAY,DEN
DAY,DFW
DAY,DTW
DAY,EWR
DAY,IAD
DAY,LGA
DAY,MCO
DAY,MSP
DAY,ORD
DAY,TPA
DBQ,ORD
DCA,ACK
DCA,ATL
DCA,AUS
DCA,BDL
DCA,BNA
DCA,BOS
DCA,BTR
DCA,CAK
DCA,CHS
DCA,CLE
DCA,CLT
DCA,CMH
DCA,CVG
DCA,DAL
DCA,DEN
DCA,DFW
DCA,DTW
DCA,EWR
DCA,FLL
DCA,GSP
DCA,HOU
DCA,HPN
DCA,HSV
DCA,IAH
DCA,IND
DCA,JAX
DCA,JFK
DCA,LAS
DCA,LAX
DCA,LEX
DCA,LGA
DCA,MCI
DCA,MCO
DCA,MDW
DCA,MIA
DCA,MKE
DCA,MSP
DCA,MSY
DCA,ORD
DCA,PBI
DCA,PDX
DCA,PHL
DCA,PHX
DCA,PIT
DCA,PNS
DCA,PVD
DCA,PWM
DCA,RDU
DCA,RSW
DCA,SDF
DCA,SEA
DCA,SFO
DCA,SJU
DCA,SLC
DCA,STL
DCA,SYR
DCA,TPA
DEN,ABQ
DEN,ALB
DEN,AMA
DEN,ANC
DEN,ASE
DEN,ATL
DEN,AUS
DEN,BDL
DEN,BFL
DEN,BHM
DEN,BIL
DEN,BIS
DEN,BMI
DEN,BNA
DEN,BOI
DEN,BOS
DEN,BUR
DEN,BWI
DEN,BZN
DEN,CAK
DEN,CID
DEN,CLE
DEN,CLT
DEN,CMH
DEN,COD
DEN,COS
DEN,CPR
DEN,CVG
DEN,DAL
DEN,DAY
DEN,DCA
DEN,DFW
DEN,DIK
DEN,DRO
DEN,DSM
DEN,DTW
DEN,EGE
DEN,ELP
DEN,EUG
DEN,EWR
DEN,FAR
DEN,FAT
DEN,FCA
DEN,FLL
DEN,FSD
DEN,GCC
DEN,GEG
DEN,GJT
DEN,GRR
DEN,GSO
DEN,GTF
DEN,GUC
DEN,HDN
DEN,HLN
DEN,HNL
DEN,HOU
DEN,HSV
DEN,HYS
DEN,IAD
DEN,IAH
DEN,ICT
DEN,IDA
DEN,IND
DEN,ISN
DEN,JAC
DEN,JAX
DEN,JFK
DEN,JMS
DEN,KOA
DEN,LAR
DEN,LAS
DEN,LAX
DEN,LBB
DEN,LFT
DEN,LGA
DEN,LIH
DEN,LIT
DEN,LNK
DEN,MAF
DEN,MCI
DEN,MCO
DEN,MDT
DEN,MDW
DEN,MEM
DEN,MFR
DEN,MIA
DEN,MKE
DEN,MLI
DEN,MMH
DEN,MOT
DEN,MSN
DEN,MSO
DEN,MSP
DEN,MSY
DEN,MTJ
DEN,OAK
DEN,OGG
DEN,OKC
DEN,OMA
DEN,ONT
DEN,ORD
DEN,OTH
DEN,PBI
DEN,PDX
DEN,PHF
DEN,PHL
DEN,PHX
DEN,PIA
DEN,PIT
DEN,PSC
DEN,PSP
DEN,PUB
DEN,RAP
DEN,RDM
DEN,RDU
DEN,RKS
DEN,RNO
DEN,RSW
DEN,SAF
DEN,SAN
DEN,SAT
DEN,SBA
DEN,SDF
DEN,SEA
DEN,SFO
DEN,SGF
DEN,SGU
DEN,SHV
DEN,SJC
DEN,SLC
DEN,SMF
DEN,SNA
DEN,STL
DEN,SUN
DEN,TPA
DEN,TUL
DEN,TUS
DEN,TYS
DEN,XNA
DFW,ABI
DFW,ABQ
DFW,ACT
DFW,AEX
DFW,AMA
DFW,ANC
DFW,ASE
DFW,ATL
DFW,AUS
DFW,BDL
DFW,BHM
DFW,BIS
DFW,BMI
DFW,BNA
DFW,BOS
DFW,BPT
DFW,BRO
DFW,BTR
DFW,BWI
DFW,CAE
DFW,CHA
DFW,CHS
DFW,CID
DFW,CLE
DFW,CLL
DFW,CLT
DFW,CMH
DFW,CMI
DFW,COS
DFW,COU
DFW,CRP
DFW,CRW
DFW,CVG
DFW,DAY
DFW,DCA
DFW,DEN
DFW,DRO
DFW,DSM
DFW,DTW
DFW,EGE
DFW,ELP
DFW,EVV
DFW,EWR
DFW,FAR
DFW,FAT
DFW,FLL
DFW,FSD
DFW,FSM
DFW,FWA
DFW,GCK
DFW,GGG
DFW,GJT
DFW,GPT
DFW,GRI
DFW,GRK
DFW,GRR
DFW,GSO
DFW,GSP
DFW,GUC
DFW,HDN
DFW,HNL
DFW,HOU
DFW,HSV
DFW,IAD
DFW,IAH
DFW,ICT
DFW,IND
DFW,JAC
DFW,JAN
DFW,JAX
DFW,JFK
DFW,JLN
DFW,LAS
DFW,LAW
DFW,LAX
DFW,LBB
DFW,LCH
DFW,LEX
DFW,LFT
DFW,LGA
DFW,LIT
DFW,LRD
DFW,MAF
DFW,MCI
DFW,MCO
DFW,MEI
DFW,MEM
DFW,MFE
DFW,MGM
DFW,MHK
DFW,MIA
DFW,MKE
DFW,MLI
DFW,MLU
DFW,MOB
DFW,MSN
DFW,MSP
DFW,MSY
DFW,MTJ
DFW,MYR
DFW,OAK
DFW,OGG
DFW,OKC
DFW,OMA
DFW,ONT
DFW,ORD
DFW,ORF
DFW,PBI
DFW,PDX
DFW,PHL
DFW,PHX
DFW,PIA
DFW,PIT
DFW,PNS
DFW,PSP
DFW,RAP
DFW,RDU
DFW,RIC
DFW,RNO
DFW,ROW
DFW,RSW
DFW,SAF
DFW,SAN
DFW,SAT
DFW,SAV
DFW,SDF
DFW,SEA
DFW,SFO
DFW,SGF
DFW,SHV
DFW,SJC
DFW,SJT
DFW,SJU
DFW,SLC
DFW,SMF
DFW,SNA
DFW,SPI
DFW,SPS
DFW,STL
DFW,TLH
DFW,TPA
DFW,TUL
DFW,TUS
DFW,TXK
DFW,TYR
DFW,TYS
DFW,VPS
DFW,XNA
DHN,ATL
DIK,DEN
DIK,MSP
DLG,ANC
DLH,MSP
DLH,ORD
DRO,DEN
DRO,DFW
DRO,PHX
DSM,ATL
DSM,DEN
DSM,DFW
DSM,DTW
DSM,EWR
DSM,IAH
DSM,LAS
DSM,LGA
DSM,MDW
DSM,MSP
DSM,ORD
DSM,PHX
DSM,SLC
DTW,ABE
DTW,ACY
DTW,ALB
DTW,APN
DTW,ATL
DTW,ATW
DTW,AUS
DTW,AVP
DTW,AZO
DTW,BDL
DTW,BGM
DTW,BGR
DTW,BHM
DTW,BMI
DTW,BNA
DTW,BOS
DTW,BTV
DTW,BUF
DTW,BWI
DTW,CAK
DTW,CHA
DTW,CHS
DTW,CID
DTW,CIU
DTW,CLE
DTW,CLT
DTW,CMH
DTW,CRW
DTW,CVG
DTW,DAL
DTW,DAY
DTW,DCA
DTW,DEN
DTW,DFW
DTW,DSM
DTW,ELM
DTW,ERI
DTW,ESC
DTW,EVV
DTW,EWR
DTW,FLL
DTW,FWA
DTW,GRB
DTW,GRR
DTW,GSO
DTW,GSP
DTW,HPN
DTW,HSV
DTW,IAD
DTW,IAH
DTW,IND
DTW,ITH
DTW,JAX
DTW,JFK
DTW,LAN
DTW,LAS
DTW,LAX
DTW,LEX
DTW,LGA
DTW,LIT
DTW,MBS
DTW,MCI
DTW,MCO
DTW,MDT
DTW,MDW
DTW,MEM
DTW,MHT
DTW,MIA
DTW,MKE
DTW,MLI
DTW,MQT
DTW,MSN
DTW,MSP
DTW,MSY
DTW,MYR
DTW,OKC
DTW,OMA
DTW,ORD
DTW,ORF
DTW,PBI
DTW,PDX
DTW,PHL
DTW,PHX
DTW,PIA
DTW,PIT
DTW,PLN
DTW,PVD
DTW,PWM
DTW,RDU
DTW,RIC
DTW,ROC
DTW,RST
DTW,RSW
DTW,SAN
DTW,SAT
DTW,SAV
DTW,SBN
DTW,SCE
DTW,SDF
DTW,SEA
DTW,SFO
DTW,SJU
DTW,SLC
DTW,SRQ
DTW,STL
DTW,SWF
DTW,SYR
DTW,TPA
DTW,TTN
DTW,TUL
DTW,TVC
DTW,TYS
DVL,DEN
DVL,JMS
EAU,ORD
ECP,ATL
ECP,BNA
ECP,BWI
ECP,DAL
ECP,HOU
ECP,IAH
ECP,STL
EGE,ATL
EGE,DEN
EGE,DFW
EGE,EWR
EGE,IAH
EGE,JFK
EGE,LAX
EGE,MIA
EGE,MSP
EGE,ORD
EGE,SLC
EKO,SLC
ELM,ATL
ELM,DTW
ELM,ORD
ELP,ATL
ELP,AUS
ELP,DAL
ELP,DEN
ELP,DFW
ELP,HOU
ELP,IAH
ELP,LAS
ELP,LAX
ELP,ORD
ELP,PHX
ELP,SAT
ERI,DTW
ERI,ORD
ESC,DTW
EUG,BOI
EUG,DEN
EUG,LAX
EUG,SFO
EUG,SLC
EVV,ATL
EVV,DFW
EVV,DTW
EVV,ORD
EWN,ATL
EWR,ALB
EWR,ANC
EWR,ATL
EWR,AUS
EWR,AVL
EWR,AVP
EWR,BDL
EWR,BNA
EWR,BOS
EWR,BQN
EWR,BTV
EWR,BUF
EWR,BWI
EWR,BZN
EWR,CAK
EWR,CHS
EWR,CLE
EWR,CLT
EWR,CMH
EWR,CVG
EWR,DAY
EWR,DCA
EWR,DEN
EWR,DFW
EWR,DSM
EWR,DTW
EWR,EGE
EWR,FLL
EWR,GRR
EWR,GSO
EWR,GSP
EWR,HDN
EWR,HNL
EWR,HOU
EWR,IAD
EWR,IAH
EWR,IND
EWR,JAC
EWR,JAX
EWR,JFK
EWR,LAS
EWR,LAX
EWR,MCI
EWR,MCO
EWR,MDW
EWR,MEM
EWR,MHT
EWR,MIA
EWR,MKE
EWR,MSN
EWR,MSP
EWR,MSY
EWR,MTJ
EWR,MYR
EWR,OKC
EWR,OMA
EWR,ORD
EWR,ORF
EWR,PBI
EWR,PDX
EWR,PHL
EWR,PHX
EWR,PIT
EWR,PVD
EWR,PWM
EWR,RDU
EWR,RIC
EWR,ROC
EWR,RSW
EWR,SAN
EWR,SAT
EWR,SAV
EWR,SBN
EWR,SDF
EWR,SEA
EWR,SFO
EWR,SJU
EWR,SLC
EWR,SNA
EWR,SRQ
EWR,STL
EWR,STT
EWR,SYR
EWR,TPA
EWR,TUL
EWR,TVC
EWR,TYS
EWR,XNA
EYW,ATL
EYW,LGA
EYW,MIA
FAI,ANC
FAI,MSP
FAI,ORD
FAI,SEA
FAR,ATL
FAR,DEN
FAR,DFW
FAR,JMS
FAR,MSP
FAR,ORD
FAR,SLC
FAT,DEN
FAT,DFW
FAT,LAX
FAT,PDX
FAT,PHX
FAT,SAN
FAT,SEA
FAT,SFO
FAT,SLC
FAY,ATL
FCA,ATL
FCA,DEN
FCA,MSO
FCA,MSP
FCA,ORD
FCA,SLC
FLG,PHX
FLL,ACY
FLL,ALB
FLL,ATL
FLL,AUS
FLL,BDL
FLL,BNA
FLL,BOS
FLL,BQN
FLL,BUF
FLL,BWI
FLL,CHS
FLL,CLE
FLL,CLT
FLL,CMH
FLL,CVG
FLL,DAL
FLL,DCA
FLL,DEN
FLL,DFW
FLL,DTW
FLL,EWR
FLL,HOU
FLL,HPN
FLL,IAD
FLL,IAG
FLL,IAH
FLL,IND
FLL,ISP
FLL,JAX
FLL,JFK
FLL,LAS
FLL,LAX
FLL,LBE
FLL,LGA
FLL,MCI
FLL,MCO
FLL,MDW
FLL,MHT
FLL,MKE
FLL,MSP
FLL,MSY
FLL,MYR
FLL,ORD
FLL,ORH
FLL,PBG
FLL,PHL
FLL,PHX
FLL,PIT
FLL,PVD
FLL,RDU
FLL,RIC
FLL,SEA
FLL,SFO
FLL,SJU
FLL,STL
FLL,STT
FLL,SWF
FLL,TPA
FLL,TTN
FNT,ATL
FNT,BWI
FNT,LAS
FNT,MCO
FNT,MSP
FNT,ORD
FNT,RSW
FNT,TPA
FSD,ATL
FSD,DEN
FSD,DFW
FSD,LAR
FSD,LNK
FSD,MSP
FSD,ORD
FSM,ATL
FSM,DFW
FWA,ATL
FWA,DFW
FWA,DTW
FWA,MSP
FWA,ORD
GCC,DEN
GCC,RAP
GCC,RKS
GCC,SLC
GCK,DFW
GEG,BOI
GEG,DEN
GEG,LAS
GEG,LAX
GEG,MDW
GEG,MSP
GEG,OAK
GEG,PHX
GEG,SEA
GEG,SLC
GFK,MSP
GGG,DFW
GJT,ASE
GJT,DEN
GJT,DFW
GJT,IAH
GJT,PHX
GJT,SLC
GNV,ATL
GNV,MIA
GPT,ATL
GPT,DFW
GPT,IAH
GRB,ATL
GRB,DTW
GRB,MSP
GRB,ORD
GRI,DFW
GRK,ATL
GRK,DFW
GRK,IAH
GRK,MEI
GRR,ATL
GRR,BWI
GRR,CVG
GRR,DEN
GRR,DFW
GRR,DTW
GRR,EWR
GRR,IAH
GRR,LGA
GRR,MCO
GRR,MSP
GRR,ORD
GRR,RSW
GRR,STL
GRR,TPA
GSO,ATL
GSO,CLT
GSO,CRW
GSO,DEN
GSO,DFW
GSO,DTW
GSO,EWR
GSO,IAD
GSO,LGA
GSO,MIA
GSO,ORD
GSO,ROA
GSP,ATL
GSP,BWI
GSP,DCA
GSP,DFW
GSP,DTW
GSP,EWR
GSP,HOU
GSP,IAD
GSP,IAH
GSP,LGA
GSP,MDW
GSP,MIA
GSP,ORD
GSP,RIC
GST,JNU
GTF,DEN
GTF,MSP
GTF,SLC
GTR,ATL
GUC,DEN
GUC,DFW
GUC,IAH
GUC,ORD
GUM,HNL
HDN,ATL
HDN,DEN
HDN,DFW
HDN,EWR
HDN,IAD
HDN,IAH
HDN,LAX
HDN,ORD
HDN,SEA
HDN,SFO
HIB,INL
HIB,MSP
HLN,DEN
HLN,MSP
HLN,SLC
HNL,ANC
HNL,ATL
HNL,BLI
HNL,DEN
HNL,DFW
HNL,EWR
HNL,GUM
HNL,IAD
HNL,IAH
HNL,ITO
HNL,JFK
HNL,KOA
HNL,LAS
HNL,LAX
HNL,LIH
HNL,MSP
HNL,OAK
HNL,OGG
HNL,ORD
HNL,PDX
HNL,PHX
HNL,PPG
HNL,SAN
HNL,SEA
HNL,SFO
HNL,SJC
HNL,SLC
HNL,SMF
HOB,IAH
HOU,ABQ
HOU,ATL
HOU,AUS
HOU,BHM
HOU,BNA
HOU,BOS
HOU,BWI
HOU,CHS
HOU,CLT
HOU,CRP
HOU,DAL
HOU,DCA
HOU,DEN
HOU,DFW
HOU,ECP
HOU,ELP
HOU,EWR
HOU,FLL
HOU,GSP
HOU,HRL
HOU,IND
HOU,JAX
HOU,JFK
HOU,LAS
HOU,LAX
HOU,LBB
HOU,LGA
HOU,MAF
HOU,MCI
HOU,MCO
HOU,MDW
HOU,MEM
HOU,MSY
HOU,OAK
HOU,OKC
HOU,PDX
HOU,PHX
HOU,PIT
HOU,PNS
HOU,RDU
HOU,RSW
HOU,SAN
HOU,SAT
HOU,SEA
HOU,SJU
HOU,SLC
HOU,SNA
HOU,STL
HOU,TPA
HOU,TUL
HOU,TUS
HPN,ATL
HPN,DCA
HPN,DTW
HPN,FLL
HPN,MCO
HPN,ORD
HPN,PBI
HPN,RSW
HPN,TPA
HRL,AUS
HRL,HOU
HRL,IAH
HSV,ATL
HSV,DCA
HSV,DEN
HSV,DFW
HSV,DTW
HSV,IAD
HSV,IAH
HSV,ORD
HYA,JFK
HYS,DEN
IAD,ALB
IAD,ATL
IAD,AUS
IAD,BDL
IAD,BNA
IAD,BOS
IAD,BTV
IAD,BUF
IAD,CAE
IAD,CHS
IAD,CLE
IAD,CLT
IAD,CMH
IAD,CVG
IAD,DAY
IAD,DEN
IAD,DFW
IAD,DTW
IAD,EWR
IAD,FLL
IAD,GRR
IAD,GSO
IAD,GSP
IAD,HDN
IAD,HNL
IAD,HSV
IAD,IAH
IAD,IND
IAD,JAC
IAD,JAX
IAD,JFK
IAD,LAS
IAD,LAX
IAD,LGA
IAD,MCI
IAD,MCO
IAD,MDW
IAD,MEM
IAD,MIA
IAD,MSN
IAD,MSP
IAD,MSY
IAD,OKC
IAD,ORD
IAD,ORF
IAD,PBI
IAD,PDX
IAD,PHX
IAD,PIT
IAD,PVD
IAD,RDU
IAD,RIC
IAD,ROA
IAD,ROC
IAD,RSW
IAD,SAN
IAD,SAT
IAD,SAV
IAD,SDF
IAD,SEA
IAD,SFO
IAD,SJU
IAD,SMF
IAD,STL
IAD,STT
IAD,SYR
IAD,TPA
IAD,TTN
IAD,TUL
IAD,TYS
IAD,UST
IAG,FLL
IAG,MYR
IAH,ABQ
IAH,AEX
IAH,AGS
IAH,AMA
IAH,ANC
IAH,ASE
IAH,ATL
IAH,AUS
IAH,BDL
IAH,BFL
IAH,BHM
IAH,BNA
IAH,BOI
IAH,BOS
IAH,BRO
IAH,BTR
IAH,BWI
IAH,BZN
IAH,CAE
IAH,CHS
IAH,CLE
IAH,CLL
IAH,CLT
IAH,CMH
IAH,COS
IAH,CRP
IAH,CRW
IAH,CVG
IAH,DAL
IAH,DCA
IAH,DEN
IAH,DFW
IAH,DSM
IAH,DTW
IAH,ECP
IAH,EGE
IAH,ELP
IAH,EWR
IAH,FLL
IAH,GJT
IAH,GPT
IAH,GRK
IAH,GRR
IAH,GSP
IAH,GUC
IAH,HDN
IAH,HNL
IAH,HOB
IAH,HRL
IAH,HSV
IAH,IAD
IAH,ICT
IAH,IND
IAH,ISN
IAH,JAC
IAH,JAN
IAH,JAX
IAH,LAS
IAH,LAX
IAH,LBB
IAH,LCH
IAH,LEX
IAH,LFT
IAH,LGA
IAH,LIT
IAH,LRD
IAH,MAF
IAH,MCI
IAH,MCO
IAH,MEM
IAH,MFE
IAH,MIA
IAH,MKE
IAH,MLU
IAH,MOB
IAH,MSN
IAH,MSP
IAH,MSY
IAH,MTJ
IAH,OAK
IAH,OKC
IAH,OMA
IAH,ONT
IAH,ORD
IAH,ORF
IAH,PBI
IAH,PDX
IAH,PHL
IAH,PHX
IAH,PIA
IAH,PIT
IAH,PNS
IAH,PSP
IAH,RAP
IAH,RDU
IAH,RIC
IAH,RNO
IAH,RSW
IAH,SAN
IAH,SAT
IAH,SAV
IAH,SDF
IAH,SEA
IAH,SFO
IAH,SHV
IAH,SJC
IAH,SJU
IAH,SLC
IAH,SMF
IAH,SNA
IAH,STL
IAH,STT
IAH,TPA
IAH,TUL
IAH,TUS
IAH,TYR
IAH,TYS
IAH,VPS
IAH,XNA
ICT,ATL
ICT,DAL
ICT,DEN
ICT,DFW
ICT,IAH
ICT,LAS
ICT,LAX
ICT,MDW
ICT,MSP
ICT,ORD
IDA,DEN
IDA,MSP
IDA,SLC
ILG,MCO
ILG,TPA
ILM,ATL
ILM,CLT
ILM,LGA
IMT,MSP
IMT,RHI
IND,ATL
IND,BOS
IND,BWI
IND,CLT
IND,DAL
IND,DCA
IND,DEN
IND,DFW
IND,DTW
IND,EWR
IND,FLL
IND,HOU
IND,IAD
IND,IAH
IND,JFK
IND,LAS
IND,LAX
IND,LGA
IND,MCI
IND,MCO
IND,MSP
IND,ORD
IND,PHL
IND,PHX
IND,RDU
IND,RSW
IND,SFO
IND,SLC
IND,TPA
IND,TTN
INL,BRD
INL,HIB
INL,MSP
ISN,DEN
ISN,IAH
ISN,MSP
ISP,BWI
ISP,FLL
ISP,MCO
ISP,PBI
ISP,RSW
ISP,TPA
ITH,DTW
ITO,HNL
ITO,LAX
ITO,OGG
JAC,ATL
JAC,DEN
JAC,DFW
JAC,EWR
JAC,IAD
JAC,IAH
JAC,JFK
JAC,LAX
JAC,MSP
JAC,ORD
JAC,SEA
JAC,SFO
JAC,SLC
JAN,ATL
JAN,DFW
JAN,IAH
JAN,ORD
JAN,PIA
JAX,ATL
JAX,BNA
JAX,BOS
JAX,BWI
JAX,CLT
JAX,DCA
JAX,DEN
JAX,DFW
JAX,DTW
JAX,EWR
JAX,FLL
JAX,HOU
JAX,IAD
JAX,IAH
JAX,JFK
JAX,LAS
JAX,LGA
JAX,MDW
JAX,MIA
JAX,MSP
JAX,ORD
JAX,PHL
JFK,ABQ
JFK,ACK
JFK,ATL
JFK,AUS
JFK,BNA
JFK,BOS
JFK,BQN
JFK,BTV
JFK,BUF
JFK,BUR
JFK,BWI
JFK,CHS
JFK,CLE
JFK,CLT
JFK,CMH
JFK,CVG
JFK,DCA
JFK,DEN
JFK,DFW
JFK,DTW
JFK,EGE
JFK,FLL
JFK,HNL
JFK,HOU
JFK,HYA
JFK,IAD
JFK,IND
JFK,JAC
JFK,JAX
JFK,LAS
JFK,LAX
JFK,LGB
JFK,MCO
JFK,MIA
JFK,MSP
JFK,MSY
JFK,MVY
JFK,OAK
JFK,ORD
JFK,ORF
JFK,PBI
JFK,PDX
JFK,PHX
JFK,PIT
JFK,PSE
JFK,PSP
JFK,PWM
JFK,RDU
JFK,RNO
JFK,ROC
JFK,RSW
JFK,SAN
JFK,SAT
JFK,SAV
JFK,SEA
JFK,SFO
JFK,SJC
JFK,SJU
JFK,SLC
JFK,SMF
JFK,SRQ
JFK,STT
JFK,SYR
JFK,TPA
JLN,DFW
JMS,DEN
JMS,DVL
JNU,ANC
JNU,GST
JNU,KTN
JNU,PSG
JNU,SEA
JNU,SIT
JNU,YAK
KOA,ANC
KOA,DEN
KOA,HNL
KOA,LAX
KOA,OAK
KOA,OGG
KOA,PDX
KOA,PHX
KOA,SAN
KOA,SEA
KOA,SFO
KOA,SJC
KTN,JNU
KTN,SEA
KTN,SIT
KTN,WRG
LAN,ATL
LAN,DTW
LAN,MSP
LAN,ORD
LAR,DEN
LAS,ABQ
LAS,ALB
LAS,AMA
LAS,ANC
LAS,ATL
LAS,AUS
LAS,BDL
LAS,BHM
LAS,BLI
LAS,BNA
LAS,BOI
LAS,BOS
LAS,BUF
LAS,BUR
LAS,BWI
LAS,CAK
LAS,CLE
LAS,CLT
LAS,CMH
LAS,CVG
LAS,DAL
LAS,DCA
LAS,DEN
LAS,DFW
LAS,DSM
LAS,DTW
LAS,ELP
LAS,EWR
LAS,FLL
LAS,FNT
LAS,GEG
LAS,HNL
LAS,HOU
LAS,IAD
LAS,IAH
LAS,ICT
LAS,IND
LAS,JAX
LAS,JFK
LAS,LAX
LAS,LBB
LAS,LBE
LAS,LGB
LAS,LIT
LAS,MAF
LAS,MCI
LAS,MCO
LAS,MDW
LAS,MEM
LAS,MHT
LAS,MIA
LAS,MKE
LAS,MSP
LAS,MSY
LAS,OAK
LAS,OKC
LAS,OMA
LAS,ONT
LAS,ORD
LAS,PDX
LAS,PHL
LAS,PHX
LAS,PIT
LAS,RDU
LAS,RNO
LAS,SAN
LAS,SAT
LAS,SDF
LAS,SEA
LAS,SFO
LAS,SJC
LAS,SLC
LAS,SMF
LAS,SNA
LAS,STL
LAS,TPA
LAS,TUL
LAS,TUS
LAW,DFW
LAX,ABQ
LAX,ANC
LAX,ASE
LAX,ATL
LAX,AUS
LAX,BNA
LAX,BOI
LAX,BOS
LAX,BWI
LAX,BZN
LAX,CLD
LAX,CLE
LAX,CLT
LAX,CMH
LAX,COS
LAX,CVG
LAX,DAL
LAX,DCA
LAX,DEN
LAX,DFW
LAX,DTW
LAX,EGE
LAX,ELP
LAX,EUG
LAX,EWR
LAX,FAT
LAX,FLL
LAX,GEG
LAX,HDN
LAX,HNL
LAX,HOU
LAX,IAD
LAX,IAH
LAX,ICT
LAX,IND
LAX,ITO
LAX,JAC
LAX,JFK
LAX,KOA
LAX,LAS
LAX,LIH
LAX,MCI
LAX,MCO
LAX,MDW
LAX,MEM
LAX,MIA
LAX,MKE
LAX,MRY
LAX,MSN
LAX,MSP
LAX,MSY
LAX,MTJ
LAX,OAK
LAX,OGG
LAX,OKC
LAX,OMA
LAX,ORD
LAX,PBI
LAX,PDX
LAX,PHL
LAX,PHX
LAX,PIT
LAX,PSP
LAX,RDM
LAX,RDU
LAX,RNO
LAX,SAF
LAX,SAN
LAX,SAT
LAX,SBA
LAX,SBP
LAX,SEA
LAX,SFO
LAX,SJC
LAX,SLC
LAX,SMF
LAX,SMX
LAX,STL
LAX,TPA
LAX,TUS
LBB,AMA
LBB,AUS
LBB,DAL
LBB,DEN
LBB,DFW
LBB,HOU
LBB,IAH
LBB,LAS
LBE,FLL
LBE,LAS
LBE,MCO
LBE,MYR
LBE,ORD
LBE,RSW
LBE,TPA
LCH,DFW
LCH,IAH
LEX,ATL
LEX,DCA
LEX,DFW
LEX,DTW
LEX,IAH
LEX,LGA
LEX,MSP
LEX,ORD
LFT,ATL
LFT,BHM
LFT,DEN
LFT,DFW
LFT,IAH
LGA,AGS
LGA,ATL
LGA,BGR
LGA,BHM
LGA,BNA
LGA,BOS
LGA,BTV
LGA,BUF
LGA,BZN
LGA,CAE
LGA,CAK
LGA,CHO
LGA,CHS
LGA,CLE
LGA,CLT
LGA,CMH
LGA,CVG
LGA,DAL
LGA,DAY
LGA,DCA
LGA,DEN
LGA,DFW
LGA,DSM
LGA,DTW
LGA,EYW
LGA,FLL
LGA,GRR
LGA,GSO
LGA,GSP
LGA,HOU
LGA,IAD
LGA,IAH
LGA,ILM
LGA,IND
LGA,JAX
LGA,LEX
LGA,LIT
LGA,MCI
LGA,MCO
LGA,MDW
LGA,MEM
LGA,MHT
LGA,MIA
LGA,MKE
LGA,MSN
LGA,MSP
LGA,MSY
LGA,MTJ
LGA,MYR
LGA,OMA
LGA,ORD
LGA,ORF
LGA,PBI
LGA,PHL
LGA,PIT
LGA,PWM
LGA,RDU
LGA,RIC
LGA,ROC
LGA,RSW
LGA,SAV
LGA,SDF
LGA,SRQ
LGA,STL
LGA,SYR
LGA,TPA
LGA,TVC
LGA,TYS
LGA,XNA
LGB,ANC
LGB,AUS
LGB,BOS
LGB,JFK
LGB,LAS
LGB,OAK
LGB,PDX
LGB,PHX
LGB,SEA
LGB,SFO
LGB,SLC
LGB,SMF
LIH,DEN
LIH,HNL
LIH,LAX
LIH,OAK
LIH,OGG
LIH,PDX
LIH,PHX
LIH,SAN
LIH,SEA
LIH,SFO
LIH,SJC
LIT,ATL
LIT,BWI
LIT,DAL
LIT,DEN
LIT,DFW
LIT,DTW
LIT,IAH
LIT,LAS
LIT,LGA
LIT,MDW
LIT,ORD
LIT,PHX
LNK,ATL
LNK,DEN
LNK,MSP
LNK,ORD
LRD,DFW
LRD,HRL
LRD,IAH
LSE,MSP
LSE,ORD
LWS,SLC
MAF,DAL
MAF,DEN
MAF,DFW
MAF,HOU
MAF,IAH
MAF,LAS
MBS,ATL
MBS,DTW
MBS,MSP
MBS,ORD
MCI,ABQ
MCI,ATL
MCI,AUS
MCI,BNA
MCI,BOS
MCI,BWI
MCI,CLT
MCI,CVG
MCI,DAL
MCI,DCA
MCI,DEN
MCI,DFW
MCI,DLH
MCI,DTW
MCI,EWR
MCI,FLL
MCI,HOU
MCI,IAD
MCI,IAH
MCI,IND
MCI,LAS
MCI,LAX
MCI,LGA
MCI,LNK
MCI,MCO
MCI,MDW
MCI,MIA
MCI,MKE
MCI,MSP
MCI,MSY
MCI,OAK
MCI,ORD
MCI,PDX
MCI,PHX
MCI,RSW
MCI,SAN
MCI,SEA
MCI,SFO
MCI,SLC
MCI,SNA
MCI,STL
MCI,TPA
MCO,ABQ
MCO,ACY
MCO,ALB
MCO,ATL
MCO,AUS
MCO,BDL
MCO,BHM
MCO,BMI
MCO,BNA
MCO,BOS
MCO,BQN
MCO,BUF
MCO,BWI
MCO,CAK
MCO,CLE
MCO,CLT
MCO,CMH
MCO,CVG
MCO,DAL
MCO,DAY
MCO,DCA
MCO,DEN
MCO,DFW
MCO,DTW
MCO,EWR
MCO,FLL
MCO,FNT
MCO,GRR
MCO,HOU
MCO,HPN
MCO,IAD
MCO,IAH
MCO,ILG
MCO,IND
MCO,ISP
MCO,JFK
MCO,LAS
MCO,LAX
MCO,LBE
MCO,LGA
MCO,MCI
MCO,MDT
MCO,MDW
MCO,MEM
MCO,MHT
MCO,MIA
MCO,MKE
MCO,MSN
MCO,MSP
MCO,MSY
MCO,OMA
MCO,ORD
MCO,ORF
MCO,ORH
MCO,PHL
MCO,PHX
MCO,PIT
MCO,PSE
MCO,PVD
MCO,PWM
MCO,RDU
MCO,RIC
MCO,ROC
MCO,SAN
MCO,SAT
MCO,SDF
MCO,SEA
MCO,SFO
MCO,SJU
MCO,SLC
MCO,STL
MCO,SWF
MCO,SYR
MCO,TTN
MDT,ATL
MDT,CLT
MDT,DEN
MDT,DTW
MDT,MCO
MDT,ORD
MDW,ABQ
MDW,ALB
MDW,ATL
MDW,AUS
MDW,BDL
MDW,BHM
MDW,BNA
MDW,BOI
MDW,BOS
MDW,BUF
MDW,BWI
MDW,CHS
MDW,CLE
MDW,CLT
MDW,CMH
MDW,DAL
MDW,DCA
MDW,DEN
MDW,DSM
MDW,DTW
MDW,EWR
MDW,FLL
MDW,GEG
MDW,GSP
MDW,HOU
MDW,IAD
MDW,ICT
MDW,JAX
MDW,LAS
MDW,LAX
MDW,LGA
MDW,LIT
MDW,MCI
MDW,MCO
MDW,MEM
MDW,MHT
MDW,MSP
MDW,MSY
MDW,OAK
MDW,OKC
MDW,OMA
MDW,ONT
MDW,ORF
MDW,PBI
MDW,PDX
MDW,PHL
MDW,PHX
MDW,PIT
MDW,PNS
MDW,PVD
MDW,PWM
MDW,RDU
MDW,RNO
MDW,ROC
MDW,RSW
MDW,SAN
MDW,SAT
MDW,SDF
MDW,SEA
MDW,SFO
MDW,SJC
MDW,SLC
MDW,SMF
MDW,SNA
MDW,STL
MDW,TPA
MDW,TTN
MDW,TUL
MDW,TUS
MEI,DFW
MEI,PIB
MEM,ATL
MEM,AUS
MEM,BWI
MEM,CLT
MEM,CVG
MEM,DAL
MEM,DEN
MEM,DFW
MEM,DTW
MEM,EWR
MEM,HOU
MEM,IAD
MEM,IAH
MEM,LAS
MEM,LAX
MEM,LGA
MEM,MCO
MEM,MDW
MEM,MIA
MEM,MSP
MEM,ORD
MEM,SLC
MEM,TPA
MFE,DFW
MFE,IAH
MFR,DEN
MFR,SFO
MFR,SLC
MGM,ATL
MGM,DFW
MHK,DFW
MHK,ORD
MHT,ATL
MHT,BWI
MHT,DTW
MHT,EWR
MHT,FLL
MHT,LAS
MHT,LGA
MHT,MCO
MHT,MDW
MHT,ORD
MHT,PHX
MHT,TPA
MIA,ATL
MIA,AUS
MIA,BDL
MIA,BHM
MIA,BNA
MIA,BOS
MIA,BWI
MIA,CHS
MIA,CLE
MIA,CLT
MIA,CMH
MIA,CVG
MIA,DCA
MIA,DEN
MIA,DFW
MIA,DTW
MIA,EGE
MIA,EWR
MIA,EYW
MIA,GNV
MIA,GSO
MIA,GSP
MIA,IAD
MIA,IAH
MIA,JAX
MIA,JFK
MIA,LAS
MIA,LAX
MIA,LGA
MIA,MCI
MIA,MCO
MIA,MEM
MIA,MSP
MIA,MSY
MIA,OKC
MIA,ORD
MIA,ORF
MIA,PBI
MIA,PHL
MIA,PHX
MIA,PNS
MIA,RDU
MIA,RIC
MIA,SAN
MIA,SAT
MIA,SEA
MIA,SFO
MIA,SJU
MIA,SLC
MIA,STL
MIA,STT
MIA,STX
MIA,TLH
MIA,TPA
MIA,TUL
MKE,ATL
MKE,BOS
MKE,BWI
MKE,CLE
MKE,CVG
MKE,DAL
MKE,DCA
MKE,DEN
MKE,DFW
MKE,DTW
MKE,EWR
MKE,FLL
MKE,IAH
MKE,LAS
MKE,LAX
MKE,LGA
MKE,MCI
MKE,MCO
MKE,MSP
MKE,MSY
MKE,ORD
MKE,PHX
MKE,RSW
MKE,SAN
MKE,SEA
MKE,SFO
MKE,STL
MKE,TPA
MKE,TTN
MKG,ORD
MLB,ATL
MLI,ATL
MLI,DEN
MLI,DFW
MLI,DTW
MLI,MSP
MLI,ORD
MLU,ATL
MLU,DFW
MLU,IAH
MMH,DEN
MMH,SFO
MOB,ATL
MOB,DFW
MOB,IAH
MOB,ORD
MOT,DEN
MOT,MSP
MQT,DTW
MQT,ORD
MRY,LAX
MRY,PHX
MRY,SFO
MSN,ATL
MSN,BOS
MSN,CID
MSN,CVG
MSN,CWA
MSN,DEN
MSN,DFW
MSN,DTW
MSN,EWR
MSN,IAH
MSN,LAX
MSN,LGA
MSN,MCO
MSN,MSP
MSN,ORD
MSN,SAN
MSN,SFO
MSN,SLC
MSO,ATL
MSO,BTM
MSO,DEN
MSO,MSP
MSO,ORD
MSO,SEA
MSO,SFO
MSO,SLC
MSP,ABQ
MSP,ABR
MSP,ALB
MSP,ANC
MSP,ASE
MSP,ATL
MSP,ATW
MSP,AUS
MSP,AZO
MSP,BDL
MSP,BIL
MSP,BIS
MSP,BJI
MSP,BMI
MSP,BNA
MSP,BOI
MSP,BOS
MSP,BRD
MSP,BUF
MSP,BWI
MSP,BZN
MSP,CID
MSP,CLE
MSP,CLT
MSP,CMH
MSP,CVG
MSP,CWA
MSP,DAY
MSP,DCA
MSP,DEN
MSP,DFW
MSP,DIK
MSP,DLH
MSP,DSM
MSP,DTW
MSP,EGE
MSP,EWR
MSP,FAI
MSP,FAR
MSP,FCA
MSP,FLL
MSP,FNT
MSP,FSD
MSP,FWA
MSP,GEG
MSP,GFK
MSP,GRB
MSP,GRR
MSP,GTF
MSP,HIB
MSP,HLN
MSP,HNL
MSP,IAD
MSP,IAH
MSP,ICT
MSP,IDA
MSP,IMT
MSP,IND
MSP,INL
MSP,ISN
MSP,JAC
MSP,JAX
MSP,JFK
MSP,LAN
MSP,LAS
MSP,LAX
MSP,LEX
MSP,LGA
MSP,LNK
MSP,LSE
MSP,MBS
MSP,MCI
MSP,MCO
MSP,MDW
MSP,MEM
MSP,MIA
MSP,MKE
MSP,MLI
MSP,MOT
MSP,MSN
MSP,MSO
MSP,MSY
MSP,OKC
MSP,OMA
MSP,ORD
MSP,ORF
MSP,PDX
MSP,PHL
MSP,PHX
MSP,PIA
MSP,PIT
MSP,PSC
MSP,PSP
MSP,RAP
MSP,RDU
MSP,RHI
MSP,RIC
MSP,RNO
MSP,ROC
MSP,RST
MSP,RSW
MSP,SAN
MSP,SAT
MSP,SBN
MSP,SDF
MSP,SEA
MSP,SFO
MSP,SJC
MSP,SJU
MSP,SLC
MSP,SMF
MSP,SNA
MSP,STL
MSP,SYR
MSP,TPA
MSP,TTN
MSP,TUL
MSP,TUS
MSP,TVC
MSP,XNA
MSY,ATL
MSY,AUS
MSY,BNA
MSY,BOS
MSY,BWI
MSY,CLT
MSY,CMH
MSY,DAL
MSY,DCA
MSY,DEN
MSY,DFW
MSY,DTW
MSY,EWR
MSY,FLL
MSY,HOU
MSY,IAD
MSY,IAH
MSY,JFK
MSY,LAS
MSY,LAX
MSY,LGA
MSY,MCI
MSY,MCO
MSY,MDW
MSY,MIA
MSY,MKE
MSY,MSP
MSY,OAK
MSY,ORD
MSY,PHL
MSY,PHX
MSY,SAN
MSY,SAT
MSY,SEA
MSY,SFO
MSY,SLC
MSY,STL
MSY,TPA
MTJ,ATL
MTJ,DEN
MTJ,DFW
MTJ,EWR
MTJ,IAH
MTJ,LAX
MTJ,LGA
MTJ,ORD
MTJ,PHX
MTJ,SFO
MVY,BOS
MVY,JFK
MYR,ACY
MYR,ATL
MYR,BOS
MYR,BWI
MYR,CLE
MYR,CLT
MYR,CRW
MYR,DFW
MYR,DTW
MYR,EWR
MYR,FLL
MYR,IAG
MYR,LBE
MYR,LGA
MYR,ORD
MYR,PBG
MYR,PHL
OAJ,ATL
OAK,ABQ
OAK,ATL
OAK,AUS
OAK,BNA
OAK,BOI
OAK,BOS
OAK,BUR
OAK,BWI
OAK,CMH
OAK,DAL
OAK,DEN
OAK,DFW
OAK,FLL
OAK,GEG
OAK,HNL
OAK,HOU
OAK,IAH
OAK,JFK
OAK,KOA
OAK,LAS
OAK,LAX
OAK,LGB
OAK,LIH
OAK,MCI
OAK,MDW
OAK,MSY
OAK,OGG
OAK,ONT
OAK,ORD
OAK,PDX
OAK,PHX
OAK,SAN
OAK,SEA
OAK,SLC
OAK,SNA
OGG,ANC
OGG,BLI
OGG,DEN
OGG,DFW
OGG,HNL
OGG,ITO
OGG,KOA
OGG,LAX
OGG,LIH
OGG,OAK
OGG,ORD
OGG,PDX
OGG,PHX
OGG,SAN
OGG,SEA
OGG,SFO
OGG,SJC
OGG,SMF
OKC,ATL
OKC,BWI
OKC,DAL
OKC,DEN
OKC,DFW
OKC,DTW
OKC,EWR
OKC,FLL
OKC,HOU
OKC,IAD
OKC,IAH
OKC,LAS
OKC,LAX
OKC,MDW
OKC,MIA
OKC,MSP
OKC,ORD
OKC,PHX
OKC,SEA
OKC,SFO
OKC,SLC
OKC,STL
OMA,ATL
OMA,DAL
OMA,DCA
OMA,DEN
OMA,DFW
OMA,DTW
OMA,EWR
OMA,IAH
OMA,LAS
OMA,LAX
OMA,LGA
OMA,MCO
OMA,MDW
OMA,MSP
OMA,ORD
OMA,PDX
OMA,PHX
OMA,SEA
OMA,SFO
OMA,SLC
OMA,STL
OME,ANC
OME,OTZ
ONT,ATL
ONT,DEN
ONT,DFW
ONT,IAH
ONT,LAS
ONT,MDW
ONT,OAK
ONT,PDX
ONT,PHX
ONT,SEA
ONT,SFO
ONT,SJC
ONT,SLC
ONT,SMF
ORD,ABE
ORD,ABQ
ORD,ACY
ORD,ALB
ORD,ALO
ORD,ANC
ORD,ASE
ORD,ATL
ORD,ATW
ORD,AUS
ORD,AVL
ORD,AVP
ORD,AZO
ORD,BDL
ORD,BHM
ORD,BIL
ORD,BIS
ORD,BMI
ORD,BNA
ORD,BOI
ORD,BOS
ORD,BTV
ORD,BUF
ORD,BWI
ORD,BZN
ORD,CAE
ORD,CAK
ORD,CHA
ORD,CHO
ORD,CHS
ORD,CID
ORD,CLE
ORD,CLT
ORD,CMH
ORD,CMI
ORD,CMX
ORD,COD
ORD,COS
ORD,COU
ORD,CRW
ORD,CVG
ORD,CWA
ORD,DAY
ORD,DBQ
ORD,DCA
ORD,DEN
ORD,DFW
ORD,DLH
ORD,DSM
ORD,DTW
ORD,EAU
ORD,EGE
ORD,ELM
ORD,ELP
ORD,ERI
ORD,EVV
ORD,EWR
ORD,FAI
ORD,FAR
ORD,FCA
ORD,FLL
ORD,FNT
ORD,FSD
ORD,FWA
ORD,GJT
ORD,GRB
ORD,GRR
ORD,GSO
ORD,GSP
ORD,GUC
ORD,HDN
ORD,HNL
ORD,HPN
ORD,HSV
ORD,IAD
ORD,IAH
ORD,ICT
ORD,IND
ORD,JAC
ORD,JAN
ORD,JAX
ORD,JFK
ORD,LAN
ORD,LAS
ORD,LAX
ORD,LBE
ORD,LEX
ORD,LGA
ORD,LIT
ORD,LNK
ORD,LSE
ORD,MBS
ORD,MCI
ORD,MCO
ORD,MDT
ORD,MEM
ORD,MHK
ORD,MHT
ORD,MIA
ORD,MKE
ORD,MKG
ORD,MLI
ORD,MOB
ORD,MQT
ORD,MSN
ORD,MSP
ORD,MSY
ORD,MTJ
ORD,MYR
ORD,OAK
ORD,OGG
ORD,OKC
ORD,OMA
ORD,ORF
ORD,PAH
ORD,PBI
ORD,PDX
ORD,PHL
ORD,PHX
ORD,PIA
ORD,PIT
ORD,PNS
ORD,PSP
ORD,PVD
ORD,PWM
ORD,RAP
ORD,RDU
ORD,RIC
ORD,RNO
ORD,ROA
ORD,ROC
ORD,RST
ORD,RSW
ORD,SAN
ORD,SAT
ORD,SAV
ORD,SBN
ORD,SCE
ORD,SDF
ORD,SEA
ORD,SFO
ORD,SGF
ORD,SJC
ORD,SJU
ORD,SLC
ORD,SMF
ORD,SNA
ORD,SPI
ORD,SRQ
ORD,STC
ORD,STL
ORD,STT
ORD,SUX
ORD,SYR
ORD,TOL
ORD,TPA
ORD,TTN
ORD,TUL
ORD,TUS
ORD,TVC
ORD,TYS
ORD,XNA
ORF,ATL
ORF,BWI
ORF,CLT
ORF,DCA
ORF,DFW
ORF,DTW
ORF,EWR
ORF,IAD
ORF,IAH
ORF,JFK
ORF,LGA
ORF,MCO
ORF,MDW
ORF,MIA
ORF,MSP
ORF,ORD
ORF,TPA
ORH,FLL
ORH,MCO
OTH,DEN
OTH,SFO
OTZ,ANC
OTZ,OME
PAH,ORD
PBG,FLL
PBG,MYR
PBI,ACY
PBI,ATL
PBI,BDL
PBI,BOS
PBI,BWI
PBI,CLT
PBI,DCA
PBI,DEN
PBI,DFW
PBI,DTW
PBI,EWR
PBI,HPN
PBI,IAD
PBI,IAH
PBI,ISP
PBI,JFK
PBI,LAX
PBI,LGA
PBI,MDW
PBI,ORD
PBI,PHL
PBI,PIT
PBI,PVD
PBI,TTN
PDX,ABQ
PDX,ANC
PDX,ATL
PDX,AUS
PDX,BOI
PDX,BOS
PDX,BUR
PDX,BWI
PDX,BZN
PDX,CLT
PDX,DAL
PDX,DCA
PDX,DEN
PDX,DFW
PDX,DTW
PDX,EWR
PDX,FAT
PDX,HNL
PDX,HOU
PDX,IAD
PDX,IAH
PDX,JFK
PDX,KOA
PDX,LAS
PDX,LAX
PDX,LGB
PDX,LIH
PDX,MCI
PDX,MDW
PDX,MSP
PDX,OAK
PDX,OGG
PDX,ONT
PDX,ORD
PDX,PHL
PDX,PHX
PDX,PSP
PDX,SAN
PDX,SBA
PDX,SEA
PDX,SFO
PDX,SJC
PDX,SLC
PDX,SMF
PDX,SNA
PDX,STL
PDX,TUS
PHF,ATL
PHF,DEN
PHL,ATL
PHL,AUS
PHL,BDL
PHL,BNA
PHL,BOS
PHL,BWI
PHL,CHS
PHL,CLE
PHL,CLT
PHL,DAL
PHL,DCA
PHL,DEN
PHL,DFW
PHL,DTW
PHL,FLL
PHL,IAH
PHL,IND
PHL,JAX
PHL,LAS
PHL,LAX
PHL,LGA
PHL,MCO
PHL,MDW
PHL,MIA
PHL,MSP
PHL,MSY
PHL,MYR
PHL,ORD
PHL,PBI
PHL,PDX
PHL,PHX
PHL,PIT
PHL,PVD
PHL,RDU
PHL,RIC
PHL,RSW
PHL,SAN
PHL,SAT
PHL,SEA
PHL,SFO
PHL,SJU
PHL,SLC
PHL,SMF
PHL,STL
PHL,STT
PHL,TPA
PHX,ABQ
PHX,ANC
PHX,ATL
PHX,AUS
PHX,BFL
PHX,BNA
PHX,BOI
PHX,BOS
PHX,BUF
PHX,BUR
PHX,BWI
PHX,CLE
PHX,CLT
PHX,CMH
PHX,CVG
PHX,DAL
PHX,DCA
PHX,DEN
PHX,DFW
PHX,DRO
PHX,DSM
PHX,DTW
PHX,ELP
PHX,EWR
PHX,FAT
PHX,FLG
PHX,FLL
PHX,GEG
PHX,GJT
PHX,HNL
PHX,HOU
PHX,IAD
PHX,IAH
PHX,IND
PHX,JFK
PHX,KOA
PHX,LAS
PHX,LAX
PHX,LGB
PHX,LIH
PHX,LIT
PHX,MCI
PHX,MCO
PHX,MDW
PHX,MHT
PHX,MIA
PHX,MKE
PHX,MRY
PHX,MSP
PHX,MSY
PHX,MTJ
PHX,OAK
PHX,OGG
PHX,OKC
PHX,OMA
PHX,ONT
PHX,ORD
PHX,PDX
PHX,PHL
PHX,PIT
PHX,PSP
PHX,RDU
PHX,RNO
PHX,SAN
PHX,SAT
PHX,SBA
PHX,SBP
PHX,SDF
PHX,SEA
PHX,SFO
PHX,SJC
PHX,SLC
PHX,SMF
PHX,SNA
PHX,STL
PHX,TPA
PHX,TUL
PHX,TUS
PHX,YUM
PIA,ATL
PIA,DEN
PIA,DFW
PIA,DTW
PIA,IAH
PIA,MSP
PIA,ORD
PIB,DFW
PIB,MEI
PIH,SLC
PIT,ATL
PIT,BNA
PIT,BOS
PIT,BWI
PIT,CLT
PIT,CVG
PIT,DAL
PIT,DCA
PIT,DEN
PIT,DFW
PIT,DTW
PIT,EWR
PIT,FLL
PIT,HOU
PIT,IAD
PIT,IAH
PIT,JFK
PIT,LAS
PIT,LAX
PIT,LGA
PIT,MCO
PIT,MDW
PIT,MSP
PIT,ORD
PIT,PBI
PIT,PHL
PIT,PHX
PIT,RSW
PIT,SFO
PIT,TPA
PLN,CIU
PLN,DTW
PNS,ATL
PNS,BNA
PNS,DCA
PNS,DFW
PNS,HOU
PNS,IAH
PNS,MDW
PNS,MIA
PNS,ORD
PPG,HNL
PSC,DEN
PSC,MSP
PSC,SEA
PSC,SFO
PSC,SLC
PSE,JFK
PSE,MCO
PSG,JNU
PSG,WRG
PSP,DEN
PSP,DFW
PSP,IAH
PSP,JFK
PSP,LAX
PSP,MSP
PSP,ORD
PSP,PDX
PSP,PHX
PSP,SEA
PSP,SFO
PSP,SLC
PUB,DEN
PVD,ATL
PVD,BWI
PVD,CLT
PVD,DCA
PVD,DTW
PVD,EWR
PVD,FLL
PVD,IAD
PVD,MCO
PVD,MDW
PVD,ORD
PVD,PBI
PVD,PHL
PVD,RSW
PVD,TPA
PWM,ATL
PWM,BWI
PWM,CLT
PWM,DCA
PWM,DTW
PWM,EWR
PWM,JFK
PWM,LGA
PWM,MCO
PWM,MDW
PWM,ORD
RAP,ATL
RAP,DEN
RAP,DFW
RAP,IAH
RAP,JMS
RAP,MSP
RAP,ORD
RAP,SLC
RDD,SFO
RDM,DEN
RDM,LAX
RDM,SFO
RDM,SLC
RDU,ATL
RDU,BDL
RDU,BNA
RDU,BOS
RDU,BWI
RDU,CLE
RDU,CLT
RDU,CVG
RDU,DAL
RDU,DCA
RDU,DEN
RDU,DFW
RDU,DTW
RDU,EWR
RDU,FLL
RDU,HOU
RDU,IAD
RDU,IAH
RDU,IND
RDU,JFK
RDU,LAS
RDU,LAX
RDU,LGA
RDU,MCO
RDU,MDW
RDU,MIA
RDU,MSP
RDU,ORD
RDU,PHF
RDU,PHL
RDU,PHX
RDU,SEA
RDU,SFO
RDU,STL
RDU,TPA
RDU,TTN
RHI,IMT
RHI,MSP
RIC,ATL
RIC,BOS
RIC,CAE
RIC,CLT
RIC,CVG
RIC,DFW
RIC,DTW
RIC,EWR
RIC,FLL
RIC,IAD
RIC,IAH
RIC,LGA
RIC,MCO
RIC,MIA
RIC,MSP
RIC,ORD
RIC,PHL
RKS,DEN
RKS,GCC
RKS,SLC
RNO,DEN
RNO,DFW
RNO,IAH
RNO,JFK
RNO,LAS
RNO,LAX
RNO,MDW
RNO,MSP
RNO,ORD
RNO,PHX
RNO,SAN
RNO,SFO
RNO,SLC
ROA,ATL
ROA,IAD
ROA,ORD
ROC,ATL
ROC,BWI
ROC,CLT
ROC,DTW
ROC,EWR
ROC,IAD
ROC,JFK
ROC,LGA
ROC,MCO
ROC,MDW
ROC,MSP
ROC,ORD
ROC,TPA
ROW,DFW
RST,ATL
RST,CLE
RST,DTW
RST,MSP
RST,ORD
RSW,ACY
RSW,ALB
RSW,ATL
RSW,BDL
RSW,BNA
RSW,BOS
RSW,BUF
RSW,BWI
RSW,CAK
RSW,CLE
RSW,CLT
RSW,CMH
RSW,CVG
RSW,DCA
RSW,DEN
RSW,DFW
RSW,DTW
RSW,EWR
RSW,FNT
RSW,GRR
RSW,HOU
RSW,HPN
RSW,IAD
RSW,IAH
RSW,IND
RSW,ISP
RSW,JFK
RSW,LBE
RSW,LGA
RSW,MCI
RSW,MDW
RSW,MKE
RSW,MSP
RSW,ORD
RSW,PHL
RSW,PIT
RSW,PVD
RSW,STL
RSW,TTN
SAF,DEN
SAF,DFW
SAF,LAX
SAN,ABQ
SAN,ATL
SAN,AUS
SAN,BNA
SAN,BOI
SAN,BOS
SAN,BWI
SAN,CLT
SAN,CVG
SAN,DAL
SAN,DEN
SAN,DFW
SAN,DTW
SAN,EWR
SAN,FAT
SAN,HNL
SAN,HOU
SAN,IAD
SAN,IAH
SAN,JFK
SAN,KOA
SAN,LAS
SAN,LAX
SAN,LIH
SAN,MCI
SAN,MCO
SAN,MDW
SAN,MIA
SAN,MKE
SAN,MSP
SAN,MSY
SAN,OAK
SAN,OGG
SAN,ORD
SAN,PDX
SAN,PHL
SAN,PHX
SAN,RNO
SAN,SAT
SAN,SEA
SAN,SFO
SAN,SJC
SAN,SLC
SAN,SMF
SAN,STL
SAN,TUS
SAT,ATL
SAT,BNA
SAT,BWI
SAT,CLT
SAT,DAL
SAT,DEN
SAT,DFW
SAT,DTW
SAT,ELP
SAT,EWR
SAT,HOU
SAT,IAD
SAT,IAH
SAT,JFK
SAT,LAS
SAT,LAX
SAT,MCO
SAT,MDW
SAT,MIA
SAT,MSP
SAT,MSY
SAT,ORD
SAT,PHL
SAT,PHX
SAT,SAN
SAT,SEA
SAT,SFO
SAT,SLC
SAT,STL
SAT,TPA
SAV,ATL
SAV,BOS
SAV,BQK
SAV,DFW
SAV,DTW
SAV,EWR
SAV,IAD
SAV,IAH
SAV,JFK
SAV,LGA
SAV,ORD
SBA,DEN
SBA,LAX
SBA,PDX
SBA,PHX
SBA,SEA
SBA,SFO
SBN,ATL
SBN,COS
SBN,CVG
SBN,DTW
SBN,EWR
SBN,IAH
SBN,MSP
SBN,ORD
SBP,LAX
SBP,PHX
SBP,SFO
SCC,ANC
SCC,BRW
SCE,ATL
SCE,DTW
SCE,ORD
SDF,ATL
SDF,BWI
SDF,CLT
SDF,DCA
SDF,DEN
SDF,DFW
SDF,DTW
SDF,EWR
SDF,IAD
SDF,IAH
SDF,LAS
SDF,LGA
SDF,MCO
SDF,MDW
SDF,MSP
SDF,ORD
SDF,PHX
SDF,TPA
SEA,ABQ
SEA,ANC
SEA,ATL
SEA,AUS
SEA,BIL
SEA,BLI
SEA,BNA
SEA,BOI
SEA,BOS
SEA,BUR
SEA,BWI
SEA,BZN
SEA,CHS
SEA,CLE
SEA,CLT
SEA,COS
SEA,CVG
SEA,DAL
SEA,DCA
SEA,DEN
SEA,DFW
SEA,DTW
SEA,EWR
SEA,FAI
SEA,FAT
SEA,FLL
SEA,GEG
SEA,HDN
SEA,HNL
SEA,HOU
SEA,IAD
SEA,IAH
SEA,JAC
SEA,JFK
SEA,JNU
SEA,KOA
SEA,KTN
SEA,LAS
SEA,LAX
SEA,LGB
SEA,LIH
SEA,MCI
SEA,MCO
SEA,MDW
SEA,MIA
SEA,MKE
SEA,MSO
SEA,MSP
SEA,MSY
SEA,OAK
SEA,OGG
SEA,OKC
SEA,OMA
SEA,ONT
SEA,ORD
SEA,PDX
SEA,PHL
SEA,PHX
SEA,PSC
SEA,PSP
SEA,RDU
SEA,SAN
SEA,SAT
SEA,SBA
SEA,SFO
SEA,SIT
SEA,SJC
SEA,SLC
SEA,SMF
SEA,SNA
SEA,STL
SEA,TPA
SEA,TUS
SFO,ABQ
SFO,ACV
SFO,ANC
SFO,ASE
SFO,ATL
SFO,AUS
SFO,BFL
SFO,BOI
SFO,BOS
SFO,BUR
SFO,BWI
SFO,BZN
SFO,CEC
SFO,CLE
SFO,CLT
SFO,COS
SFO,CVG
SFO,DAL
SFO,DCA
SFO,DEN
SFO,DFW
SFO,DTW
SFO,EUG
SFO,EWR
SFO,FAT
SFO,FLL
SFO,HDN
SFO,HNL
SFO,IAD
SFO,IAH
SFO,IND
SFO,JAC
SFO,JFK
SFO,KOA
SFO,LAS
SFO,LAX
SFO,LGB
SFO,LIH
SFO,MCI
SFO,MCO
SFO,MDW
SFO,MFR
SFO,MIA
SFO,MKE
SFO,MMH
SFO,MRY
SFO,MSN
SFO,MSO
SFO,MSP
SFO,MSY
SFO,MTJ
SFO,OGG
SFO,OKC
SFO,OMA
SFO,ONT
SFO,ORD
SFO,OTH
SFO,PDX
SFO,PHL
SFO,PHX
SFO,PIT
SFO,PSC
SFO,PSP
SFO,RDD
SFO,RDM
SFO,RDU
SFO,RNO
SFO,SAN
SFO,SAT
SFO,SBA
SFO,SBP
SFO,SEA
SFO,SLC
SFO,SMF
SFO,SMX
SFO,SNA
SFO,STL
SFO,SUN
SFO,TUS
SFO,XNA
SGF,ATL
SGF,CLT
SGF,DEN
SGF,DFW
SGF,HYS
SGF,ORD
SGU,DEN
SGU,SLC
SHV,ATL
SHV,DEN
SHV,DFW
SHV,IAH
SIT,JNU
SIT,KTN
SIT,SEA
SJC,ATL
SJC,AUS
SJC,BOS
SJC,BUR
SJC,DAL
SJC,DEN
SJC,DFW
SJC,HNL
SJC,IAH
SJC,JFK
SJC,KOA
SJC,LAS
SJC,LAX
SJC,LIH
SJC,MDW
SJC,MSP
SJC,OGG
SJC,ONT
SJC,ORD
SJC,PDX
SJC,PHX
SJC,SAN
SJC,SEA
SJC,SLC
SJC,SNA
SJT,DFW
SJU,ATL
SJU,BDL
SJU,BOS
SJU,BWI
SJU,CLE
SJU,CLT
SJU,DCA
SJU,DFW
SJU,DTW
SJU,EWR
SJU,FLL
SJU,HOU
SJU,IAD
SJU,IAH
SJU,JFK
SJU,MCO
SJU,MIA
SJU,MSP
SJU,ORD
SJU,PHL
SJU,STT
SJU,STX
SJU,TPA
SLC,ABQ
SLC,ANC
SLC,ATL
SLC,AUS
SLC,BIL
SLC,BNA
SLC,BOI
SLC,BOS
SLC,BTM
SLC,BUR
SLC,BWI
SLC,BZN
SLC,CDC
SLC,CLT
SLC,CNY
SLC,COD
SLC,COS
SLC,CPR
SLC,CVG
SLC,DAL
SLC,DCA
SLC,DEN
SLC,DFW
SLC,DSM
SLC,DTW
SLC,EKO
SLC,EUG
SLC,EWR
SLC,FAR
SLC,FAT
SLC,FCA
SLC,GCC
SLC,GEG
SLC,GJT
SLC,GTF
SLC,HLN
SLC,HNL
SLC,HOU
SLC,IAH
SLC,IDA
SLC,IND
SLC,JAC
SLC,JFK
SLC,LAS
SLC,LAX
SLC,LGB
SLC,LWS
SLC,MCI
SLC,MCO
SLC,MDW
SLC,MEM
SLC,MFR
SLC,MIA
SLC,MSN
SLC,MSO
SLC,MSP
SLC,MSY
SLC,OAK
SLC,OKC
SLC,OMA
SLC,ONT
SLC,ORD
SLC,PDX
SLC,PHL
SLC,PHX
SLC,PIH
SLC,PSC
SLC,PSP
SLC,RAP
SLC,RDM
SLC,RKS
SLC,RNO
SLC,SAN
SLC,SAT
SLC,SEA
SLC,SFO
SLC,SGU
SLC,SJC
SLC,SMF
SLC,SNA
SLC,STL
SLC,SUN
SLC,TPA
SLC,TUL
SLC,TUS
SLC,TWF
SLC,VEL
SLC,WYS
SLC,XNA
SMF,ATL
SMF,BOS
SMF,BUR
SMF,CLT
SMF,DAL
SMF,DEN
SMF,DFW
SMF,HNL
SMF,IAD
SMF,IAH
SMF,JFK
SMF,LAS
SMF,LAX
SMF,LGB
SMF,MDW
SMF,MSP
SMF,OGG
SMF,ONT
SMF,ORD
SMF,PDX
SMF,PHL
SMF,PHX
SMF,SAN
SMF,SEA
SMF,SFO
SMF,SLC
SMF,SNA
SMX,LAX
SMX,SFO
SNA,ATL
SNA,AUS
SNA,DAL
SNA,DEN
SNA,DFW
SNA,EWR
SNA,HOU
SNA,IAH
SNA,LAS
SNA,MCI
SNA,MDW
SNA,MSP
SNA,OAK
SNA,ORD
SNA,PDX
SNA,PHX
SNA,SEA
SNA,SFO
SNA,SJC
SNA,SLC
SNA,SMF
SNA,STL
SPI,DFW
SPI,ORD
SPS,DFW
SRQ,ATL
SRQ,BOS
SRQ,DTW
SRQ,EWR
SRQ,JFK
SRQ,LGA
SRQ,ORD
STC,ORD
STL,ATL
STL,AUS
STL,BNA
STL,BOS
STL,BWI
STL,CLE
STL,CLT
STL,CMH
STL,CVG
STL,DAL
STL,DCA
STL,DEN
STL,DFW
STL,DTW
STL,ECP
STL,EWR
STL,FLL
STL,GRR
STL,HOU
STL,IAD
STL,IAH
STL,LAS
STL,LAX
STL,LGA
STL,MCI
STL,MCO
STL,MDW
STL,MIA
STL,MKE
STL,MSP
STL,MSY
STL,OKC
STL,OMA
STL,ORD
STL,PDX
STL,PHL
STL,PHX
STL,PIA
STL,RDU
STL,RSW
STL,SAN
STL,SAT
STL,SEA
STL,SFO
STL,SLC
STL,SNA
STL,TPA
STL,TTN
STL,TUL
STT,ATL
STT,BOS
STT,CLT
STT,EWR
STT,FLL
STT,IAD
STT,IAH
STT,JFK
STT,MIA
STT,ORD
STT,PHL
STT,SJU
STX,ATL
STX,CLT
STX,MIA
STX,SJU
SUN,DEN
SUN,SFO
SUN,SLC
SUX,ORD
SWF,DTW
SWF,FLL
SWF,LGA
SWF,MCO
SWF,PBI
SWF,RSW
SWF,TPA
SYR,ATL
SYR,CLT
SYR,DCA
SYR,DTW
SYR,EWR
SYR,IAD
SYR,JFK
SYR,LGA
SYR,MCO
SYR,MSP
SYR,ORD
TLH,ATL
TLH,DFW
TLH,MIA
TOL,ORD
TPA,ACY
TPA,ALB
TPA,ATL
TPA,AUS
TPA,BDL
TPA,BHM
TPA,BNA
TPA,BOS
TPA,BUF
TPA,BWI
TPA,CAK
TPA,CLE
TPA,CLT
TPA,CMH
TPA,CVG
TPA,DAL
TPA,DAY
TPA,DCA
TPA,DEN
TPA,DFW
TPA,DTW
TPA,EWR
TPA,FLL
TPA,FNT
TPA,GRR
TPA,HOU
TPA,HPN
TPA,IAD
TPA,IAH
TPA,ILG
TPA,IND
TPA,ISP
TPA,JFK
TPA,LAS
TPA,LAX
TPA,LBE
TPA,LGA
TPA,MCI
TPA,MDW
TPA,MEM
TPA,MHT
TPA,MIA
TPA,MKE
TPA,MSP
TPA,MSY
TPA,ORD
TPA,ORF
TPA,PHL
TPA,PHX
TPA,PIT
TPA,PVD
TPA,RDU
TPA,ROC
TPA,SAT
TPA,SDF
TPA,SEA
TPA,SFO
TPA,SJU
TPA,SLC
TPA,STL
TPA,TTN
TRI,ATL
TTN,ATL
TTN,BNA
TTN,CLT
TTN,CVG
TTN,DTW
TTN,FLL
TTN,IND
TTN,MCO
TTN,MDW
TTN,MKE
TTN,MSP
TTN,ORD
TTN,PBI
TTN,RDU
TTN,RSW
TTN,STL
TTN,TPA
TTN,UST
TUL,ATL
TUL,AUS
TUL,DAL
TUL,DEN
TUL,DFW
TUL,DTW
TUL,EWR
TUL,HOU
TUL,IAD
TUL,IAH
TUL,LAS
TUL,MDW
TUL,MIA
TUL,MSP
TUL,ORD
TUL,PHX
TUL,SLC
TUL,STL
TUS,ATL
TUS,DEN
TUS,DFW
TUS,HOU
TUS,IAH
TUS,LAS
TUS,LAX
TUS,MDW
TUS,MSP
TUS,ORD
TUS,PDX
TUS,PHX
TUS,SAN
TUS,SEA
TUS,SFO
TUS,SLC
TVC,ATL
TVC,DTW
TVC,EWR
TVC,LGA
TVC,MSP
TVC,ORD
TWF,SLC
TXK,DFW
TYR,DFW
TYR,IAH
TYS,ATL
TYS,CLL
TYS,DEN
TYS,DFW
TYS,DTW
TYS,EWR
TYS,IAD
TYS,IAH
TYS,LEX
TYS,LGA
TYS,ORD
UST,IAD
UST,TTN
VEL,SLC
VLD,ATL
VPS,ATL
VPS,DFW
VPS,IAH
WRG,KTN
WRG,PSG
WYS,SLC
XNA,ATL
XNA,CVG
XNA,DEN
XNA,DFW
XNA,EWR
XNA,IAH
XNA,LGA
XNA,MSP
XNA,ORD
XNA,SFO
XNA,SLC
YAK,CDV
YAK,JNU
YUM,PHX